Chinese,English,Type,Notes
2025 卓越,2025 Eccellenza,set,
2024 卓越,2024 Eccellenza,set,
蓝宝石,2025 Sapphire,set,
Logo,2025 Logofractor,set,
LOGO,2025 Logofractor,set,
Logo折,2025 Logofractor,set,
摄政街,2025 Logofractor,set,
伦敦摄政街,2025 Logofractor,set,
2024 Topps,2024 Topps Chrome Formula 1,set,
2025 Topps,2025 Topps Chrome Formula 1,set,
2023 Topps,2023 Topps Chrome Formula 1,set,
2022 Topps,2022 Topps Chrome Formula 1,set,
2022 Topps Now,2022 Topps Now,set,
2023 Topps Now,2023 Topps Now,set,
2024 Topps Now,2024 Topps Now,set,
2025 Topps Now,2025 Topps Now,set,
2026 Topps Now,2026 Topps Now,set,